{"cameraMode":{"drawMode":0,"name":"Shaded","section":"Shading Mode"},"sceneLighting":true,"audioPlay":false,"sceneViewState":{"showFog":true,"showMaterialUpdate":false,"showSkybox":true,"showFlares":true,"showImageEffects":true,"showParticleSystems":true},"in2DMode":false,"pivot":{"x":0.000011444091796875,"y":-0.9214973449707031,"z":-0.0000152587890625},"rotation":{"x":-0.22679361701011659,"y":-0.6433030366897583,"z":0.2081260085105896,"w":-0.7010060548782349},"size":321.4867248535156,"orthographic":true}